<device_state libver="3.3" filemajor="1" fileminor="0">
    <device name="DMK 33GP031 [SV]" base_name="DMK 33GP031 [SV]" unique_name="DMK 33GP031 [SV] 43814224">
        <videoformat>Y16 (2592x1944)</videoformat>
        <fps>0.8721893697559614</fps>
        <vcdpropertyitems>
            <item guid="{284C0E06-010B-45BF-8291-09D90A459B28}" name="Brightness">
                <element guid="{B57D3000-0AC6-4819-A609-272A33140ACA}" name="Value">
                    <itf guid="{99B44940-BFE1-4083-ADA1-BE703F4B8E03}" value="689" />
                </element>
            </item>
            <item guid="{284C0E07-010B-45BF-8291-09D90A459B28}" name="Contrast">
                <element guid="{B57D3000-0AC6-4819-A609-272A33140ACA}" name="Value">
                    <itf guid="{99B44940-BFE1-4083-ADA1-BE703F4B8E03}" value="-6" />
                </element>
            </item>
            <item guid="{284C0E0A-010B-45BF-8291-09D90A459B28}" name="Sharpness">
                <element guid="{B57D3000-0AC6-4819-A609-272A33140ACA}" name="Value">
                    <itf guid="{99B44940-BFE1-4083-ADA1-BE703F4B8E03}" value="0" />
                </element>
            </item>
            <item guid="{284C0E0B-010B-45BF-8291-09D90A459B28}" name="Gamma">
                <element guid="{B57D3000-0AC6-4819-A609-272A33140ACA}" name="Value">
                    <itf guid="{99B44940-BFE1-4083-ADA1-BE703F4B8E03}" value="100" />
                </element>
            </item>
            <item guid="{284C0E0F-010B-45BF-8291-09D90A459B28}" name="Gain">
                <element guid="{B57D3001-0AC6-4819-A609-272A33140ACA}" name="Auto">
                    <itf guid="{99B44940-BFE1-4083-ADA1-BE703F4B8E04}" value="1" />
                </element>
            </item>
            <item guid="{90D5702E-E43B-4366-AAEB-7A7A10B448B4}" name="Exposure">
                <element guid="{B57D3001-0AC6-4819-A609-272A33140ACA}" name="Auto">
                    <itf guid="{99B44940-BFE1-4083-ADA1-BE703F4B8E04}" value="1" />
                </element>
                <element guid="{6519038C-1AD8-4E91-9021-66D64090CC85}" name="Auto Reference">
                    <itf guid="{99B44940-BFE1-4083-ADA1-BE703F4B8E03}" value="128" />
                </element>
                <element guid="{65190390-1AD8-4E91-9021-66D64090CC85}" name="Auto">
                    <itf guid="{99B44940-BFE1-4083-ADA1-BE703F4B8E04}" value="1" />
                </element>
            </item>
            <item guid="{90D57031-E43B-4366-AAEB-7A7A10B448B4}" name="Trigger">
                <element guid="{B57D3000-0AC6-4819-A609-272A33140ACA}" name="Enable">
                    <itf guid="{99B44940-BFE1-4083-ADA1-BE703F4B8E04}" value="0" />
                </element>
                <element guid="{6519038D-1AD8-4E91-9021-66D64090CC85}" name="Polarity">
                    <itf guid="{99B44940-BFE1-4083-ADA1-BE703F4B8E04}" value="1" />
                </element>
                <element guid="{C337CFB8-EA08-4E69-A655-586937B6AFEC}" name="Delay">
                    <itf guid="{99B44940-BFE1-4083-ADA1-BE703F4B8E08}" value="3.0999999046325684" />
                </element>
                <element guid="{859A76B9-E289-472B-AB05-C9B3F26DCAA0}" name="Operation">
                    <itf guid="{99B44940-BFE1-4083-ADA1-BE703F4B8E06}" value="0" />
                </element>
            </item>
            <item guid="{86D89D69-9880-4618-9BF6-DED5E8383449}" name="GPIO">
                <element guid="{7D006621-761D-4B88-9C5F-8B906857A501}" name="GP Out">
                    <itf guid="{99B44940-BFE1-4083-ADA1-BE703F4B8E03}" value="0" />
                </element>
            </item>
            <item guid="{4F95A06D-9C15-407B-96AB-CF3FED047BA4}" name="Binning factor">
                <element guid="{B57D3000-0AC6-4819-A609-272A33140ACA}" name="Value">
                    <itf guid="{99B44940-BFE1-4083-ADA1-BE703F4B8E06}" value="1" />
                </element>
            </item>
            <item guid="{2CED6FD6-AB4D-4C74-904C-D682E53B9CC5}" name="Partial scan">
                <element guid="{36EAA683-3321-44BE-9D73-E1FD4C3FDB87}" name="Auto-center">
                    <itf guid="{99B44940-BFE1-4083-ADA1-BE703F4B8E04}" value="1" />
                </element>
            </item>
            <item guid="{DC320EDE-DF2E-4A90-B926-71417C71C57C}" name="Strobe">
                <element guid="{B57D3000-0AC6-4819-A609-272A33140ACA}" name="Enable">
                    <itf guid="{99B44940-BFE1-4083-ADA1-BE703F4B8E04}" value="0" />
                </element>
            </item>
        </vcdpropertyitems>
    </device>
</device_state>
